model,accuracy,extract_rate,avg_gen_tokens,tokens_per_s,n
base,0.14,0.865,128.0,42.245835125499895,200
grpo,0.485,0.96,128.0,39.9412376986333,200
