model,accuracy,extract_rate,avg_gen_tokens,tokens_per_s,n
base,0.14,0.865,128.0,42.267587460064135,200
grpo,0.485,0.97,128.0,40.302363889561285,200
