model,accuracy,extract_rate,avg_gen_tokens,tokens_per_s,n
base,0.14,0.865,128.0,40.07994238394329,200
grpo,0.535,0.97,128.0,36.9424137074149,200
